Customer Name,Customer ID,,,,,
Allen Armold,AA-10375,,,,,
Andrew Allen,AA-10480,,,,,
Anna Andreadi,AA-10645,,,,,
Aaron Bergman,AB-10015,,,,,
Adam Bellavance,AB-10060,,,,,
Adrian Barton,AB-10105,,,,,
Aimee Bixby,AB-10150,,,,,
Alan Barnes,AB-10165,,,,,
Alejandro Ballentine,AB-10255,,,,,
Ann Blume,AB-10600,,,,,
Ann Chong,AC-10615,,,,,
Anna Chung,AC-10660,,,,,
Alan Dominguez,AD-10180,,,,,
Art Ferguson,AF-10870,,,,,
Alejandro Grove,AG-10270,,,,,
Aleksandra Gannaway,AG-10300,,,,,
Alex Grayson,AG-10330,,,,,
Allen Goldenen,AG-10390,,,,,
Andrew Gjertsen,AG-10495,,,,,
Anna Gayman,AG-10675,,,,,
Arthur Gainer,AG-10900,,,,,
Aaron Hawkins,AH-10030,,,,,
Adam Hart,AH-10075,,,,,
Adrian Hane,AH-10120,,,,,
Alan Haines,AH-10195,,,,,
Alan Hwang,AH-10210,,,,,
Amy Hunt,AH-10465,,,,,
Angele Hood,AH-10585,,,,,
Anna Häberlin,AH-10690,,,,,
Arianne Irving,AI-10855,,,,,
Anthony Jacobs,AJ-10780,,,,,
Anthony Johnson,AJ-10795,,,,,
Ashley Jarboe,AJ-10945,,,,,
Alice McCarthy,AM-10360,,,,,
Anne McFarland,AM-10705,,,,,
Anthony O'Donnell,AO-10810,,,,,
Anne Pryor,AP-10720,,,,,
Arthur Prichep,AP-10915,,,,,
Alex Russell,AR-10345,,,,,
Allen Rosenblatt,AR-10405,,,,,
Andrew Roberts,AR-10510,,,,,
Andy Reiter,AR-10540,,,,,
Anemone Ratner,AR-10570,,,,,
Anthony Rawles,AR-10825,,,,,
Aaron Smayling,AS-10045,,,,,
Adam Shillingsburg,AS-10090,,,,,
Adrian Shami,AS-10135,,,,,
Alan Schoenberger,AS-10225,,,,,
Alan Shonely,AS-10240,,,,,
Alejandro Savely,AS-10285,,,,,
Ann Steele,AS-10630,,,,,
Alyssa Tate,AT-10435,,,,,
Annie Thurman,AT-10735,,,,,
Anthony Witt,AW-10840,,,,,
Arthur Wiediger,AW-10930,,,,,
Andy Yotov,AY-10555,,,,,
Annie Zypern,AZ-10750,,,,,
Barry Blumstein,BB-10990,,,,,
Brenda Bowman,BB-11545,,,,,
Becky Castell,BC-11125,,,,,
Bill Donatelli,BD-11320,,,,,
Bradley Drucker,BD-11500,,,,,
Brendan Dodson,BD-11560,,,,,
Brian Dahlen,BD-11605,,,,,
Brian DeCherney,BD-11620,,,,,
Brian Derr,BD-11635,,,,,
Bruce Degenhardt,BD-11725,,,,,
Bryan Davis,BD-11770,,,,,
Bill Eplett,BE-11335,,,,,
Bobby Elias,BE-11410,,,,,
Brad Eason,BE-11455,,,,,
Barbara Fisher,BF-10975,,,,,
Barry Franz,BF-11005,,,,,
Barry Französisch,BF-11020,,,,,
Bart Folk,BF-11080,,,,,
Ben Ferrer,BF-11170,,,,,
Benjamin Farhat,BF-11215,,,,,
Beth Fritzler,BF-11275,,,,,
Barry Gonzalez,BG-11035,,,,,
Brooke Gillingham,BG-11695,,,,,
Bruce Geld,BG-11740,,,,,
Brosina Hoffman,BH-11710,,,,,
Berenike Kampe,BK-11260,,,,,
Becky Martin,BM-11140,,,,,
Brendan Murry,BM-11575,,,,,
Brian Moss,BM-11650,,,,,
Bryan Mills,BM-11785,,,,,
Brad Norvell,BN-11470,,,,,
Bradley Nguyen,BN-11515,,,,,
Bill Overfelt,BO-11350,,,,,
Barry Pond,BP-11050,,,,,
Bart Pistole,BP-11095,,,,,
Becky Pak,BP-11155,,,,,
Ben Peterman,BP-11185,,,,,
Benjamin Patterson,BP-11230,,,,,
Beth Paige,BP-11290,,,,,
Bill Shonely,BS-11365,,,,,
Bill Stewart,BS-11380,,,,,
Brendan Sweed,BS-11590,,,,,
Brian Stugart,BS-11665,,,,,
Bruce Stewart,BS-11755,,,,,
Bryan Spruell,BS-11800,,,,,
Beth Thompson,BT-11305,,,,,
Bill Tyler,BT-11395,,,,,
Bobby Trafton,BT-11440,,,,,
Brad Thomas,BT-11485,,,,,
Bradley Talbott,BT-11530,,,,,
Brian Thompson,BT-11680,,,,,
Benjamin Venier,BV-11245,,,,,
Bart Watters,BW-11110,,,,,
Ben Wallace,BW-11200,,,,,
Carol Adams,CA-11965,,,,,
Cathy Armstrong,CA-12055,,,,,
Christina Anderson,CA-12265,,,,,
Christine Abelman,CA-12310,,,,,
Cynthia Arntzen,CA-12775,,,,,
Cassandra Brandow,CB-12025,,,,,
Christy Brittain,CB-12415,,,,,
Claudia Bergmann,CB-12535,,,,,
Chad Cunningham,CC-12100,,,,,
Charles Crestani,CC-12145,,,,,
Chris Cortes,CC-12220,,,,,
Christopher Conant,CC-12370,,,,,
Chuck Clark,CC-12430,,,,,
Cindy Chapman,CC-12475,,,,,
Clay Cheatham,CC-12550,,,,,
Corey Catlett,CC-12610,,,,,
Craig Carreira,CC-12670,,,,,
Carlos Daly,CD-11920,,,,,
Carol Darley,CD-11980,,,,,
Christina DeMoss,CD-12280,,,,,
Cynthia Delaney,CD-12790,,,,,
Catherine Glotzbach,CG-12040,,,,,
Claire Gute,CG-12520,,,,,
Cathy Hwang,CH-12070,,,,,
Caroline Jumper,CJ-12010,,,,,
Chloris Kastensmidt,CK-12205,,,,,
Christine Kargatis,CK-12325,,,,,
Clytie Kelty,CK-12595,,,,,
Cyma Kinney,CK-12760,,,,,
Carl Ludwig,CL-11890,,,,,
Clay Ludtke,CL-12565,,,,,
Craig Leslie,CL-12700,,,,,
Candace McMahon,CM-11815,,,,,
Carlos Meador,CM-11935,,,,,
Chad McGuire,CM-12115,,,,,
Charles McCrossin,CM-12160,,,,,
Charlotte Melton,CM-12190,,,,,
Chris McAfee,CM-12235,,,,,
Christopher Martinez,CM-12385,,,,,
Chuck Magee,CM-12445,,,,,
Corinna Mitchell,CM-12655,,,,,
Cathy Prescott,CP-12085,,,,,
Christine Phan,CP-12340,,,,,
Clay Rozendal,CR-12580,,,,,
Corey Roper,CR-12625,,,,,
Craig Reiter,CR-12730,,,,,
Cyra Reiten,CR-12820,,,,,
Cari Sayre,CS-11845,,,,,
Cari Schnelling,CS-11860,,,,,
Carlos Soltero,CS-11950,,,,,
Chad Sievert,CS-12130,,,,,
Charles Sheldon,CS-12175,,,,,
Chris Selesnick,CS-12250,,,,,
Christine Sundaresam,CS-12355,,,,,
Christopher Schild,CS-12400,,,,,
Chuck Sachs,CS-12460,,,,,
Cindy Schnelling,CS-12490,,,,,
Cindy Stewart,CS-12505,,,,,
Carol Triggs,CT-11995,,,,,
Christina VanderZanden,CV-12295,,,,,
Cynthia Voltz,CV-12805,,,,,
Carl Weiss,CW-11905,,,,,
Craig Yedwab,CY-12745,,,,,
Dianna Arnett,DA-13450,,,,,
Daniel Byrd,DB-12910,,,,,
Darren Budd,DB-12970,,,,,
Dave Brooks,DB-13060,,,,,
David Bremer,DB-13120,,,,,
Dean Braden,DB-13210,,,,,
Deborah Brumfield,DB-13270,,,,,
Dennis Bolton,DB-13360,,,,,
Denny Blanton,DB-13405,,,,,
Dorothy Badders,DB-13555,,,,,
Doug Bickford,DB-13615,,,,,
Duane Benoit,DB-13660,,,,,
Dan Campbell,DC-12850,,,,,
Debra Catini,DC-13285,,,,,
Dorothy Dickinson,DD-13570,,,,,
Deanra Eno,DE-13255,,,,,
David Flashing,DF-13135,,,,,
Deirdre Greer,DG-13300,,,,,
Dave Hallsten,DH-13075,,,,,
Denny Joy,DJ-13420,,,,,
Don Jones,DJ-13510,,,,,
Doug Jacobs,DJ-13630,,,,,
Damala Kotsonis,DK-12835,,,,,
Dana Kaydos,DK-12895,,,,,
Darren Koutras,DK-12985,,,,,
Dave Kipp,DK-13090,,,,,
David Kendrick,DK-13150,,,,,
Dean Katz,DK-13225,,,,,
Dennis Kane,DK-13375,,,,,
Dan Lawera,DL-12865,,,,,
Daniel Lacy,DL-12925,,,,,
Delfina Latchford,DL-13315,,,,,
Denise Leinenbach,DL-13330,,,,,
Dionis Lloyd,DL-13495,,,,,
Dorris liebe,Dl-13600,,,,,
Dario Medina,DM-12955,,,,,
Darrin Martin,DM-13015,,,,,
Denise Monton,DM-13345,,,,,
Don Miller,DM-13525,,,,,
Duane Noonan,DN-13690,,,,,
Denny Ordway,DO-13435,,,,,
Doug O'Connell,DO-13645,,,,,
Darren Powers,DP-13000,,,,,
Dave Poirier,DP-13105,,,,,
Dean percer,Dp-13240,,,,,
Dennis Pardue,DP-13390,,,,,
Dan Reichenbach,DR-12880,,,,,
Daniel Raglin,DR-12940,,,,,
Darrin Sayre,DS-13030,,,,,
David Smith,DS-13180,,,,,
Darrin Van Huff,DV-13045,,,,,
Dianna Vittorini,DV-13465,,,,,
David Wiener,DW-13195,,,,,
Dianna Wilson,DW-13480,,,,,
Don Weiss,DW-13540,,,,,
Dorothy Wardle,DW-13585,,,,,
Erin Ashbrook,EA-14035,,,,,
Ed Braxton,EB-13705,,,,,
Edward Becker,EB-13750,,,,,
Ellis Ballard,EB-13840,,,,,
Emily Burns,EB-13870,,,,,
Eric Barreto,EB-13930,,,,,
Erica Bern,EB-13975,,,,,
Eugene Barchas,EB-14110,,,,,
Evan Bailliet,EB-14170,,,,,
Erin Creighton,EC-14050,,,,,
Emily Ducich,ED-13885,,,,,
Emily Grady,EG-13900,,,,,
Edward Hooks,EH-13765,,,,,
Eric Hoffmann,EH-13945,,,,,
Erica Hackney,EH-13990,,,,,
Erica Hernandez,EH-14005,,,,,
Eugene Hildebrand,EH-14125,,,,,
Evan Henry,EH-14185,,,,,
Ed Jacobs,EJ-13720,,,,,
Eva Jacobs,EJ-14155,,,,,
Ed Ludwig,EL-13735,,,,,
Eleni McCrary,EM-13810,,,,,
Elizabeth Moffitt,EM-13825,,,,,
Erin Mull,EM-14065,,,,,
Eugene Moren,EM-14140,,,,,
Evan Minnotte,EM-14200,,,,,
Edward Nazzal,EN-13780,,,,,
Emily Phan,EP-13915,,,,,
Elpida Rittenbach,ER-13855,,,,,
Erica Smith,ES-14020,,,,,
Erin Smith,ES-14080,,,,,
Frank Atkinson,FA-14230,,,,,
Frank Carlisle,FC-14245,,,,,
Fred Chung,FC-14335,,,,,
Frank Gastineau,FG-14260,,,,,
Frank Hawley,FH-14275,,,,,
Fred Harton,FH-14350,,,,,
Fred Hopkins,FH-14365,,,,,
Filia McAdams,FM-14215,,,,,
Frank Merwin,FM-14290,,,,,
Fred McMath,FM-14380,,,,,
Frank Olsen,FO-14305,,,,,
Frank Preis,FP-14320,,,,,
Fred Wasserman,FW-14395,,,,,
George Ashbrook,GA-14515,,,,,
Guy Armstrong,GA-14725,,,,,
George Bell,GB-14530,,,,,
Giulietta Baptist,GB-14575,,,,,
Giulietta Dortch,GD-14590,,,,,
Greg Guthrie,GG-14650,,,,,
Gary Hansen,GH-14410,,,,,
Gary Hwang,GH-14425,,,,,
Gene Hale,GH-14485,,,,,
Greg Hansen,GH-14665,,,,,
Grace Kelly,GK-14620,,,,,
Gary McGarr,GM-14440,,,,,
Gary Mitchum,GM-14455,,,,,
Gene McClure,GM-14500,,,,,
Greg Matthias,GM-14680,,,,,
Greg Maxwell,GM-14695,,,,,
Grant Thornton,GT-14635,,,,,
Greg Tran,GT-14710,,,,,
Guy Thornton,GT-14755,,,,,
Giulietta Weimer,GW-14605,,,,,
Gary Zandusky,GZ-14470,,,,,
George Zrebassa,GZ-14545,,,,,
Helen Abelman,HA-14905,,,,,
Helen Andreada,HA-14920,,,,,
Harold Engle,HE-14800,,,,,
Herbert Flentye,HF-14995,,,,,
Harry Greene,HG-14845,,,,,
Henry Goldwyn,HG-14965,,,,,
Hunter Glantz,HG-15025,,,,,
Hilary Holden,HH-15010,,,,,
Heather Jas,HJ-14875,,,,,
Heather Kirkland,HK-14890,,,,,
Hunter Lopez,HL-15040,,,,,
Harry Marie,HM-14860,,,,,
Henry MacAllister,HM-14980,,,,,
Harold Pawlan,HP-14815,,,,,
Hallie Redmond,HR-14770,,,,,
Harold Ryan,HR-14830,,,,,
Helen Wasserman,HW-14935,,,,,
Henia Zydlo,HZ-14950,,,,,
Ivan Gibson,IG-15085,,,,,
Ivan Liston,IL-15100,,,,,
Ionia McGrath,IM-15055,,,,,
Irene Maddox,IM-15070,,,,,
Joseph Airdo,JA-15970,,,,,
Jennifer Braxton,JB-15400,,,,,
Joy Bell-,JB-16000,,,,,
Julia Barnett,JB-16045,,,,,
Jasper Cacioppo,JC-15340,,,,,
Jenna Caffey,JC-15385,,,,,
John Castell,JC-15775,,,,,
Julie Creighton,JC-16105,,,,,
John Dryer,JD-15790,,,,,
Jonathan Doherty,JD-15895,,,,,
Joy Daniels,JD-16015,,,,,
Justin Deggeller,JD-16150,,,,,
Jeremy Ellison,JE-15475,,,,,
Jim Epp,JE-15610,,,,,
Joe Elijah,JE-15715,,,,,
Joel Eaton,JE-15745,,,,,
Justin Ellison,JE-16165,,,,,
Jamie Frazer,JF-15190,,,,,
Jason Fortune-,JF-15295,,,,,
Jay Fein,JF-15355,,,,,
Jennifer Ferguson,JF-15415,,,,,
Jeremy Farry,JF-15490,,,,,
Jill Fjeld,JF-15565,,,,,
James Galang,JG-15160,,,,,
Jason Gross,JG-15310,,,,,
John Grady,JG-15805,,,,,
Jennifer Halladay,JH-15430,,,,,
John Huston,JH-15820,,,,,
Jonathan Howell,JH-15910,,,,,
Joseph Holt,JH-15985,,,,,
Justin Hirsh,JH-16180,,,,,
Jamie Kunitz,JK-15205,,,,,
Jason Klamczynski,JK-15325,,,,,
Jay Kimmel,JK-15370,,,,,
Jim Karlsson,JK-15625,,,,,
Jim Kriz,JK-15640,,,,,
Joe Kamberova,JK-15730,,,,,
Juliana Krohn,JK-16090,,,,,
Julie Kriz,JK-16120,,,,,
Jack Lebron,JL-15130,,,,,
James Lanier,JL-15175,,,,,
Janet Lee,JL-15235,,,,,
Jeremy Lonsdale,JL-15505,,,,,
John Lee,JL-15835,,,,,
John Lucas,JL-15850,,,,,
Janet Martin,JM-15250,,,,,
Janet Molinari,JM-15265,,,,,
Jessica Myrick,JM-15535,,,,,
Jill Matthias,JM-15580,,,,,
Jim Mitchum,JM-15655,,,,,
John Murray,JM-15865,,,,,
Justin MacKendrick,JM-16195,,,,,
Jack O'Briant,JO-15145,,,,,
Jas O'Carroll,JO-15280,,,,,
Jesus Ocampo,JO-15550,,,,,
Jennifer Patt,JP-15460,,,,,
Jeremy Pistek,JP-15520,,,,,
Julie Prescott,JP-16135,,,,,
Jocasta Rupert,JR-15700,,,,,
Justin Ritter,JR-16210,,,,,
Jill Stevenson,JS-15595,,,,,
Jim Sink,JS-15685,,,,,
John Stevenson,JS-15880,,,,,
Joni Sundaresam,JS-15940,,,,,
Joy Smith,JS-16030,,,,,
Jane Waco,JW-15220,,,,,
Joni Wasserman,JW-15955,,,,,
Kelly Andreada,KA-16525,,,,,
Karen Bern,KB-16240,,,,,
Karl Braun,KB-16315,,,,,
Katrina Bavinger,KB-16405,,,,,
Ken Black,KB-16585,,,,,
Ken Brennan,KB-16600,,,,,
Karen Carlisle,KC-16255,,,,,
Kelly Collister,KC-16540,,,,,
Kimberly Carter,KC-16675,,,,,
Karen Daniels,KD-16270,,,,,
Katherine Ducich,KD-16345,,,,,
Keith Dawkins,KD-16495,,,,,
Ken Dana,KD-16615,,,,,
Katrina Edelman,KE-16420,,,,,
Karen Ferguson,KF-16285,,,,,
Katharine Harms,KH-16330,,,,,
Katherine Hughes,KH-16360,,,,,
Keith Herrera,KH-16510,,,,,
Ken Heidel,KH-16630,,,,,
Kristen Hastings,KH-16690,,,,,
Kelly Lampkin,KL-16555,,,,,
Ken Lonsdale,KL-16645,,,,,
Kalyca Meade,KM-16225,,,,,
Katherine Murray,KM-16375,,,,,
Khloe Miller,KM-16660,,,,,
Kunst Miller,KM-16720,,,,,
Katherine Nockton,KN-16390,,,,,
Kean Nguyen,KN-16450,,,,,
Kristina Nunn,KN-16705,,,,,
Karen Seio,KS-16300,,,,,
Kean Takahito,KT-16465,,,,,
Kean Thornton,KT-16480,,,,,
Katrina Willman,KW-16435,,,,,
Laura Armstrong,LA-16780,,,,,
Larry Blacks,LB-16735,,,,,
Laurel Beltran,LB-16795,,,,,
Lena Cacioppo,LC-16870,,,,,
Lena Creighton,LC-16885,,,,,
Linda Cazamias,LC-16930,,,,,
Lindsay Castell,LC-16960,,,,,
Liz Carlisle,LC-17050,,,,,
Logan Currie,LC-17140,,,,,
Lisa DeCherney,LD-17005,,,,,
Laurel Elliston,LE-16810,,,,,
Luke Foster,LF-17185,,,,,
Larry Hughes,LH-16750,,,,,
Lena Hernandez,LH-16900,,,,,
Lisa Hazard,LH-17020,,,,,
Logan Haushalter,LH-17155,,,,,
Lauren Leatherbury,LL-16840,,,,,
Lori Olson,LO-17170,,,,,
Liz Pelletier,LP-17080,,,,,
Liz Preis,LP-17095,,,,,
Lena Radford,LR-16915,,,,,
Lisa Ryan,LR-17035,,,,,
Linda John Blakeworth,LS-16945,,,,,
Lindsay Shagiari,LS-16975,,,,,
Luke Schmidt,LS-17200,,,,,
Lynn Smith,LS-17245,,,,,
Larry Tron,LT-16765,,,,,
Liz Thompson,LT-17110,,,,,
Laurel Workman,LW-16825,,,,,
Lindsay Williams,LW-16990,,,,,
Liz Willingham,LW-17125,,,,,
Luke Weiss,LW-17215,,,,,
Matt Abelman,MA-17560,,,,,
Michelle Arnett,MA-17995,,,,,
Maria Bertelson,MB-17305,,,,,
Mick Brown,MB-18085,,,,,
Marc Crier,MC-17275,,,,,
Mark Cousins,MC-17425,,,,,
Matt Collins,MC-17575,,,,,
Matt Collister,MC-17590,,,,,
Matt Connell,MC-17605,,,,,
Matthew Clasen,MC-17635,,,,,
Michael Chen,MC-17845,,,,,
Mick Crebagga,MC-18100,,,,,
Mike Caudle,MC-18130,,,,,
Maribeth Dona,MD-17350,,,,,
Michael Dominguez,MD-17860,,,,,
Maria Etezadi,ME-17320,,,,,
Max Engle,ME-17725,,,,,
Maureen Fritzler,MF-17665,,,,,
Monica Federle,MF-18250,,,,,
Matthew Grinstein,MG-17650,,,,,
Maureen Gastineau,MG-17680,,,,,
Michael Grace,MG-17875,,,,,
Michael Granlund,MG-17890,,,,,
Mike Gockenbach,MG-18145,,,,,
Mitch Gastineau,MG-18205,,,,,
Marc Harrigan,MH-17290,,,,,
Mark Haberlin,MH-17440,,,,,
Mark Hamilton,MH-17455,,,,,
Matt Hagelstein,MH-17620,,,,,
Maya Herman,MH-17785,,,,,
Michelle Huthwaite,MH-18025,,,,,
Mick Hernandez,MH-18115,,,,,
Max Jones,MJ-17740,,,,,
Michael Kennedy,MK-17905,,,,,
Mike Kennedy,MK-18160,,,,,
Marina Lichtenstein,ML-17395,,,,,
Maris LaWare,ML-17410,,,,,
Max Ludwig,ML-17755,,,,,
Michelle Lonsdale,ML-18040,,,,,
Muhammed Lee,ML-18265,,,,,
Magdelene Morse,MM-17260,,,,,
Michael Moore,MM-17920,,,,,
Michelle Moray,MM-18055,,,,,
Muhammed MacIntyre,MM-18280,,,,,
Michael Nguyen,MN-17935,,,,,
Mary O'Rourke,MO-17500,,,,,
Meg O'Connel,MO-17800,,,,,
Michael Oakman,MO-17950,,,,,
Mark Packer,MP-17470,,,,,
Michael Paige,MP-17965,,,,,
Mike Pelletier,MP-18175,,,,,
Mathew Reese,MR-17545,,,,,
Maribeth Schnelling,MS-17365,,,,,
MaryBeth Skach,MS-17530,,,,,
Maurice Satty,MS-17710,,,,,
Maxwell Schwartz,MS-17770,,,,,
Melanie Seite,MS-17830,,,,,
Michael Stewart,MS-17980,,,,,
Meg Tillman,MT-17815,,,,,
Michelle Tran,MT-18070,,,,,
Mark Van Huff,MV-17485,,,,,
Mike Vittorini,MV-18190,,,,,
Mitch Webber,MW-18220,,,,,
Mitch Willingham,MW-18235,,,,,
Maribeth Yedwab,MY-17380,,,,,
Muhammed Yedwab,MY-18295,,,,,
Maria Zettner,MZ-17335,,,,,
Mary Zewe,MZ-17515,,,,,
Nona Balk,NB-18655,,,,,
Nat Carroll,NC-18340,,,,,
Nathan Cano,NC-18415,,,,,
Nick Crebassa,NC-18535,,,,,
Noah Childs,NC-18625,,,,,
Natalie DeCherney,ND-18370,,,,,
Natalie Fritzler,NF-18385,,,,,
Nicole Fjeld,NF-18595,,,,,
Nat Gilpin,NG-18355,,,,,
Nathan Gelder,NG-18430,,,,,
Nicole Hansen,NH-18610,,,,,
Neil Knudson,NK-18490,,,,,
Nancy Lomonaco,NL-18310,,,,,
Neoma Murray,NM-18520,,,,,
Naresj Patel,NP-18325,,,,,
Nora Paige,NP-18670,,,,,
Nora Preis,NP-18700,,,,,
Nick Radford,NR-18550,,,,,
Neola Schneider,NS-18505,,,,,
Noel Staavos,NS-18640,,,,,
Natalie Webber,NW-18400,,,,,
Nick Zandusky,NZ-18565,,,,,
Odella Nelson,ON-18715,,,,,
Olvera Toch,OT-18730,,,,,
Patrick Bzostek,PB-18805,,,,,
Peter Bühler,PB-19105,,,,,
Philip Brown,PB-19150,,,,,
Phillip Breyer,PB-19210,,,,,
Pamela Coakley,PC-18745,,,,,
Philip Fox,PF-19165,,,,,
Phillip Flathmann,PF-19225,,,,,
Patrick Gardner,PG-18820,,,,,
Paul Gonzalez,PG-18895,,,,,
Patricia Hirasaki,PH-18790,,,,,
Patrick Jones,PJ-18835,,,,,
Pauline Johnson,PJ-19015,,,,,
Paul Knutson,PK-18910,,,,,
Pete Kriz,PK-19075,,,,,
Paul Lucas,PL-18925,,,,,
Paul MacIntyre,PM-18940,,,,,
Peter McVee,PM-19135,,,,,
Parhena Norris,PN-18775,,,,,
Patrick O'Brill,PO-18850,,,,,
Patrick O'Donnell,PO-18865,,,,,
Philisse Overcash,PO-19180,,,,,
Phillina Ober,PO-19195,,,,,
Paul Prost,PP-18955,,,,,
Patrick Ryan,PR-18880,,,,,
Pamela Stobb,PS-18760,,,,,
Paul Stevenson,PS-18970,,,,,
Penelope Sewall,PS-19045,,,,,
Pete Takahito,PT-19090,,,,,
Paul Van Hugh,PV-18985,,,,,
Pauline Webber,PW-19030,,,,,
Quincy Jones,QJ-19255,,,,,
Ralph Arnett,RA-19285,,,,,
Ruben Ausman,RA-19885,,,,,
Russell Applegate,RA-19915,,,,,
Ryan Akin,RA-19945,,,,,
Randy Bradley,RB-19330,,,,,
Raymond Buch,RB-19360,,,,,
Richard Bierner,RB-19435,,,,,
Rick Bensley,RB-19465,,,,,
Rob Beeghly,RB-19570,,,,,
Robert Barroso,RB-19645,,,,,
Roger Barcio,RB-19705,,,,,
Ross Baird,RB-19795,,,,,
Roy Collins,RC-19825,,,,,
Ryan Crowe,RC-19960,,,,,
Rick Duston,RD-19480,,,,,
Rob Dowd,RD-19585,,,,,
Robert Dilbeck,RD-19660,,,,,
Roger Demir,RD-19720,,,,,
Ross DeVincentis,RD-19810,,,,,
Ruben Dartt,RD-19900,,,,,
Russell D'Ascenzo,RD-19930,,,,,
Richard Eichhorn,RE-19450,,,,,
Randy Ferguson,RF-19345,,,,,
Roland Fjeld,RF-19735,,,,,
Roy Französisch,RF-19840,,,,,
Rick Hansen,RH-19495,,,,,
Rick Huthwaite,RH-19510,,,,,
Rob Haberlin,RH-19600,,,,,
Ralph Kennedy,RK-19300,,,,,
Rob Lucas,RL-19615,,,,,
Raymond Messe,RM-19375,,,,,
Robert Marley,RM-19675,,,,,
Roland Murray,RM-19750,,,,,
Rose O'Brian,RO-19780,,,,,
Roy Phan,RP-19855,,,,,
Ralph Ritter,RR-19315,,,,,
Rick Reed,RR-19525,,,,,
Ricardo Sperren,RS-19420,,,,,
Roland Schwarz,RS-19765,,,,,
Rick Wilson,RW-19540,,,,,
Rob Williams,RW-19630,,,,,
Robert Waldorf,RW-19690,,,,,
Sue Ann Reed,SA-20830,,,,,
Sarah Bern,SB-20170,,,,,
Sarah Brown,SB-20185,,,,,
Sean Braxton,SB-20290,,,,,
Sample Company A,SC-20050,,,,,
Sanjit Chand,SC-20095,,,,,
Scot Coram,SC-20230,,,,,
Scott Cohen,SC-20260,,,,,
Sean Christensen,SC-20305,,,,,
Shahid Collister,SC-20380,,,,,
Shaun Chance,SC-20440,,,,,
Steve Carroll,SC-20680,,,,,
Steve Chapman,SC-20695,,,,,
Steven Cartwright,SC-20725,,,,,
Stewart Carmichael,SC-20770,,,,,
Stuart Calhoun,SC-20800,,,,,
Sung Chung,SC-20845,,,,,
Shirley Daniels,SD-20485,,,,,
Sanjit Engle,SE-20110,,,,,
Sandra Flanagan,SF-20065,,,,,
Sarah Foster,SF-20200,,,,,
Sylvia Foulston,SF-20965,,,,,
Sandra Glassco,SG-20080,,,,,
Sheri Gordon,SG-20470,,,,,
Speros Goranitis,SG-20605,,,,,
Susan Gilcrest,SG-20890,,,,,
Sally Hughsby,SH-19975,,,,,
Shahid Hopkins,SH-20395,,,,,
Sanjit Jacobs,SJ-20125,,,,,
Sarah Jordon,SJ-20215,,,,,
Shirley Jackson,SJ-20500,,,,,
Sally Knutson,SK-19990,,,,,
Sara Luxemburg,SL-20155,,,,,
Sally Matthias,SM-20005,,,,,
Sean Miller,SM-20320,,,,,
Susan MacKendrick,SM-20905,,,,,
Suzanne McNair,SM-20950,,,,,
Skye Norling,SN-20560,,,,,
Steve Nguyen,SN-20710,,,,,
Sean O'Donnell,SO-20335,,,,,
Sibella Parks,SP-20545,,,,,
Stefania Perrino,SP-20620,,,,,
Stephanie Phelps,SP-20650,,,,,
Sung Pak,SP-20860,,,,,
Susan Pistek,SP-20920,,,,,
Sharelle Roach,SR-20425,,,,,
Steven Roelle,SR-20740,,,,,
Saphhira Shifley,SS-20140,,,,,
Shahid Shariari,SS-20410,,,,,
Shirley Schmidt,SS-20515,,,,,
Sonia Sunley,SS-20590,,,,,
Sung Shariari,SS-20875,,,,,
Shui Tom,ST-20530,,,,,
Stephanie Ulpright,SU-20665,,,,,
Seth Vernon,SV-20365,,,,,
Stewart Visinsky,SV-20785,,,,,
Stuart Van,SV-20815,,,,,
Susan Vittorini,SV-20935,,,,,
Scot Wooten,SW-20245,,,,,
Scott Williamson,SW-20275,,,,,
Sean Wendt,SW-20350,,,,,
Shaun Weien,SW-20455,,,,,
Steven Ward,SW-20755,,,,,
Sam Zeldin,SZ-20035,,,,,
Tom Ashbrook,TA-21385,,,,,
Ted Butterfield,TB-21055,,,,,
Thomas Boland,TB-21175,,,,,
Thomas Brumley,TB-21190,,,,,
Tim Brockman,TB-21250,,,,,
Toby Braunhardt,TB-21280,,,,,
Todd Boyes,TB-21355,,,,,
Tom Boeckenhauer,TB-21400,,,,,
Tracy Blumstein,TB-21520,,,,,
Troy Blackwell,TB-21595,,,,,
Trudy Brown,TB-21625,,,,,
Tamara Chand,TC-20980,,,,,
Theresa Coyne,TC-21145,,,,,
Toby Carlisle,TC-21295,,,,,
Tony Chapman,TC-21475,,,,,
Tracy Collins,TC-21535,,,,,
Tamara Dahlen,TD-20995,,,,,
Toby Gnade,TG-21310,,,,,
Trudy Glocke,TG-21640,,,,,
Thea Hendricks,TH-21100,,,,,
Thea Hudgings,TH-21115,,,,,
Tiffany House,TH-21235,,,,,
Tracy Hopkins,TH-21550,,,,,
Tamara Manning,TM-21010,,,,,
Tony Molinari,TM-21490,,,,,
Tanja Norvell,TN-21040,,,,,
Theone Pippenger,TP-21130,,,,,
Tom Prescott,TP-21415,,,,,
Tracy Poddar,TP-21565,,,,,
Toby Ritter,TR-21325,,,,,
Theresa Swint,TS-21160,,,,,
Thomas Seio,TS-21205,,,,,
Toby Swindell,TS-21340,,,,,
Todd Sumrall,TS-21370,,,,,
Tom Stivers,TS-21430,,,,,
Tony Sayre,TS-21505,,,,,
Troy Staebel,TS-21610,,,,,
Trudy Schmidt,TS-21655,,,,,
Ted Trevino,TT-21070,,,,,
Thomas Thornton,TT-21220,,,,,
Tim Taslimi,TT-21265,,,,,
Tonja Turnell,TT-21460,,,,,
Tamara Willingham,TW-21025,,,,,
Tracy Zic,TZ-21580,,,,,
Victoria Brennan,VB-21745,,,,,
Vicky Freymann,VF-21715,,,,,
Vivek Gonzalez,VG-21790,,,,,
Vivek Grady,VG-21805,,,,,
Valerie Mitchum,VM-21685,,,,,
Vivian Mathis,VM-21835,,,,,
Victor Preis,VP-21730,,,,,
Victoria Pisteka,VP-21760,,,,,
Vivek Sundaresam,VS-21820,,,,,
Victoria Wilson,VW-21775,,,,,
William Brown,WB-21850,,,,,
Xylona Preis,XP-21865,,,,,
Yoseph Carroll,YC-21895,,,,,
Yana Sorensen,YS-21880,,,,,
Zuschuss Carroll,ZC-21910,,,,,
Zuschuss Donatelli,ZD-21925,,,,,
